{
  "file": "instances\\j10.mm\\j102_2.mm",
  "projects": 1,
  "jobs_incl_dummy": 12,
  "jobs_real": 10,
  "horizon": 86,
  "n_renew": 2,
  "n_nonrenew": 2,
  "resources": {
    "renewable": [
      "R1",
      "R2"
    ],
    "nonrenewable": [
      "N1",
      "N2"
    ]
  },
  "R": [
    9,
    4,
    29,
    40
  ],
  "jobs": {
    "1": {
      "modes": 1,
      "successors": [
        2,
        3,
        4
      ],
      "durations": {
        "1": 0
      },
      "req": {
        "1": [
          0,
          0,
          0,
          0
        ]
      }
    },
    "2": {
      "modes": 3,
      "successors": [
        5,
        6
      ],
      "durations": {
        "1": 3,
        "2": 9,
        "3": 10
      },
      "req": {
        "1": [
          6,
          0,
          9,
          0
        ],
        "2": [
          5,
          0,
          0,
          8
        ],
        "3": [
          0,
          6,
          0,
          6
        ]
      }
    },
    "3": {
      "modes": 3,
      "successors": [
        10,
        11
      ],
      "durations": {
        "1": 1,
        "2": 1,
        "3": 5
      },
      "req": {
        "1": [
          0,
          4,
          0,
          8
        ],
        "2": [
          7,
          0,
          0,
          8
        ],
        "3": [
          0,
          4,
          0,
          5
        ]
      }
    },
    "4": {
      "modes": 3,
      "successors": [
        9
      ],
      "durations": {
        "1": 3,
        "2": 5,
        "3": 8
      },
      "req": {
        "1": [
          10,
          0,
          0,
          7
        ],
        "2": [
          7,
          0,
          2,
          0
        ],
        "3": [
          6,
          0,
          0,
          7
        ]
      }
    },
    "5": {
      "modes": 3,
      "successors": [
        7,
        8
      ],
      "durations": {
        "1": 4,
        "2": 6,
        "3": 10
      },
      "req": {
        "1": [
          0,
          9,
          8,
          0
        ],
        "2": [
          2,
          0,
          0,
          7
        ],
        "3": [
          0,
          5,
          0,
          5
        ]
      }
    },
    "6": {
      "modes": 3,
      "successors": [
        10,
        11
      ],
      "durations": {
        "1": 2,
        "2": 4,
        "3": 6
      },
      "req": {
        "1": [
          2,
          0,
          8,
          0
        ],
        "2": [
          0,
          8,
          5,
          0
        ],
        "3": [
          2,
          0,
          0,
          1
        ]
      }
    },
    "7": {
      "modes": 3,
      "successors": [
        9,
        10
      ],
      "durations": {
        "1": 3,
        "2": 6,
        "3": 8
      },
      "req": {
        "1": [
          5,
          0,
          10,
          0
        ],
        "2": [
          0,
          7,
          10,
          0
        ],
        "3": [
          5,
          0,
          0,
          10
        ]
      }
    },
    "8": {
      "modes": 3,
      "successors": [
        9
      ],
      "durations": {
        "1": 4,
        "2": 10,
        "3": 10
      },
      "req": {
        "1": [
          6,
          0,
          0,
          1
        ],
        "2": [
          3,
          0,
          10,
          0
        ],
        "3": [
          4,
          0,
          0,
          1
        ]
      }
    },
    "9": {
      "modes": 3,
      "successors": [
        12
      ],
      "durations": {
        "1": 2,
        "2": 7,
        "3": 10
      },
      "req": {
        "1": [
          2,
          0,
          6,
          0
        ],
        "2": [
          1,
          0,
          0,
          8
        ],
        "3": [
          1,
          0,
          0,
          7
        ]
      }
    },
    "10": {
      "modes": 3,
      "successors": [
        12
      ],
      "durations": {
        "1": 1,
        "2": 1,
        "3": 9
      },
      "req": {
        "1": [
          4,
          0,
          4,
          0
        ],
        "2": [
          0,
          2,
          0,
          8
        ],
        "3": [
          4,
          0,
          0,
          5
        ]
      }
    },
    "11": {
      "modes": 3,
      "successors": [
        12
      ],
      "durations": {
        "1": 6,
        "2": 9,
        "3": 10
      },
      "req": {
        "1": [
          0,
          2,
          0,
          10
        ],
        "2": [
          0,
          1,
          0,
          9
        ],
        "3": [
          0,
          1,
          0,
          7
        ]
      }
    },
    "12": {
      "modes": 1,
      "successors": [],
      "durations": {
        "1": 0
      },
      "req": {
        "1": [
          0,
          0,
          0,
          0
        ]
      }
    }
  },
  "E_prec": [
    [
      1,
      2
    ],
    [
      1,
      3
    ],
    [
      1,
      4
    ],
    [
      2,
      5
    ],
    [
      2,
      6
    ],
    [
      3,
      10
    ],
    [
      3,
      11
    ],
    [
      4,
      9
    ],
    [
      5,
      7
    ],
    [
      5,
      8
    ],
    [
      6,
      10
    ],
    [
      6,
      11
    ],
    [
      7,
      9
    ],
    [
      7,
      10
    ],
    [
      8,
      9
    ],
    [
      9,
      12
    ],
    [
      10,
      12
    ],
    [
      11,
      12
    ]
  ]
}